1,1,1,1,5,READY,false,0,0,0,0
2,1,1,6,5,NOTHING,false,0,0,0,0
3,1,1,10,5,TURNING_LEFT,false,0,0,0,0
4,1,2,14,5,TURNING_RIGHT,false,0,1,0,4
5,1,2,19,5,NOTHING,false,0,2,0,8
6,1,2,24,5,NOTHING,false,0,2,0,8
7,1,2,29,5,NOTHING,false,0,2,0,8
8,1,2,34,5,NOTHING,false,0,2,0,8
9,1,2,39,5,NOTHING,false,0,3,0,12
10,1,1,43,5,TURNING_LEFT,false,0,3,0,12
11,1,1,47,3,HIT_MUD,false,0,3,0,9
12,1,2,49,3,TURNING_RIGHT,false,0,3,0,9
13,1,2,52,3,NOTHING,false,0,3,0,9
14,1,2,55,3,NOTHING,false,0,3,0,9
15,1,2,58,3,NOTHING,false,0,3,1,13
16,1,3,60,3,TURNING_RIGHT,false,0,3,1,13
17,1,3,63,3,NOTHING,false,0,3,1,13
18,1,3,66,3,NOTHING,false,0,3,1,13
19,1,3,66,3,NOTHING,false,0,3,1,13
20,1,3,69,3,NOTHING,false,0,3,1,13
21,1,3,72,3,NOTHING,false,0,3,1,13
22,1,3,75,3,NOTHING,false,0,3,1,13
23,1,3,78,3,NOTHING,false,0,3,1,13
24,1,3,81,3,NOTHING,false,0,3,1,13
25,1,2,83,3,TURNING_LEFT,false,0,3,1,13
26,1,1,85,3,HIT_MUD,false,0,3,1,10
27,1,2,87,3,TURNING_RIGHT,false,0,3,1,10
28,1,3,89,3,HIT_MUD,false,0,3,1,7
29,1,2,91,3,HIT_MUD,false,0,3,1,4
30,1,3,93,3,HIT_MUD,false,0,3,1,1
31,1,3,96,3,NOTHING,false,0,3,1,1
32,1,3,99,3,NOTHING,false,0,3,1,1
33,1,2,101,3,TURNING_LEFT,false,0,3,1,1
34,1,3,103,3,TURNING_RIGHT,false,0,3,1,1
35,1,4,105,3,HIT_MUD,false,0,3,1,-2
36,1,4,108,3,NOTHING,false,0,3,1,-2
37,1,4,111,3,NOTHING,false,0,3,1,-2
38,1,4,114,3,NOTHING,false,0,3,1,-2
39,1,4,117,3,NOTHING,false,0,3,1,-2
40,1,4,120,3,NOTHING,false,0,3,1,-2
41,1,4,123,3,NOTHING,false,0,3,1,-2
42,1,4,125,3,TURNING_RIGHT,false,0,3,1,-2
43,1,4,127,3,TURNING_RIGHT,false,0,3,1,-2
44,1,4,129,3,TURNING_RIGHT,false,0,3,1,-2
45,1,3,131,3,TURNING_LEFT,false,0,4,1,2
46,1,3,134,3,NOTHING,false,0,4,1,2
47,1,2,136,3,HIT_MUD,false,0,4,1,-1
48,1,2,139,3,NOTHING,false,0,4,1,-1
49,1,3,141,3,HIT_MUD,false,0,4,1,-4
50,1,2,143,3,TURNING_LEFT,false,0,4,2,0
51,1,3,145,3,TURNING_RIGHT,false,0,4,2,0
52,1,2,147,3,HIT_MUD,false,0,4,2,-3
53,1,1,149,3,TURNING_LEFT,false,0,4,2,-3
54,1,1,151,3,TURNING_LEFT,false,0,4,2,-3
55,1,1,153,3,HIT_MUD,false,0,4,2,-6
56,1,2,155,3,TURNING_RIGHT,false,0,4,2,-6
57,1,1,157,3,TURNING_LEFT,false,0,4,2,-6
58,1,1,159,3,TURNING_LEFT,false,0,4,2,-6
59,1,1,161,3,HIT_MUD,false,0,4,2,-9
60,1,1,163,3,HIT_MUD,false,0,4,2,-12
61,1,1,165,3,TURNING_LEFT,false,0,4,2,-12
62,1,2,167,3,TURNING_RIGHT,false,0,4,2,-12
63,1,2,170,3,NOTHING,false,0,4,2,-12
64,1,1,172,3,HIT_MUD,false,0,4,2,-15
65,1,1,174,3,HIT_MUD,false,0,4,2,-18
66,1,1,177,3,NOTHING,false,0,4,2,-18
67,1,1,180,3,NOTHING,false,0,4,2,-18
68,1,1,182,3,TURNING_LEFT,false,0,4,2,-18
69,1,1,184,3,TURNING_LEFT,false,0,4,2,-18
70,1,2,186,3,HIT_MUD,false,0,4,2,-21
71,1,3,188,3,HIT_MUD,false,0,4,2,-24
72,1,3,191,3,NOTHING,false,0,4,2,-24
73,1,4,193,3,HIT_MUD,false,0,4,2,-27
74,1,3,195,3,TURNING_LEFT,false,0,4,3,-23
75,1,2,197,3,TURNING_LEFT,false,0,4,3,-23
76,1,1,199,3,HIT_MUD,false,0,4,3,-26
77,1,2,201,3,HIT_MUD,false,0,4,3,-29
78,1,1,203,3,TURNING_LEFT,false,0,4,3,-29
79,1,2,205,3,TURNING_RIGHT,false,0,4,3,-29
80,1,2,208,3,NOTHING,false,0,4,4,-25
81,1,3,210,3,TURNING_RIGHT,false,0,4,4,-25
82,1,2,212,3,TURNING_LEFT,false,0,4,4,-25
83,1,1,214,3,TURNING_LEFT,false,0,4,4,-25
84,1,2,216,3,HIT_MUD,false,0,4,4,-28
85,1,1,218,3,TURNING_LEFT,false,0,4,4,-28
86,1,1,220,3,TURNING_LEFT,false,0,4,4,-28
87,1,2,222,3,HIT_MUD,false,0,4,4,-31
88,1,3,224,3,TURNING_RIGHT,false,0,4,4,-31
89,1,4,226,3,TURNING_RIGHT,false,0,4,4,-31
90,1,4,229,3,NOTHING,false,0,4,4,-31
91,1,4,232,3,NOTHING,false,0,4,4,-31
92,1,3,234,3,TURNING_LEFT,false,0,4,4,-31
93,1,4,236,3,TURNING_RIGHT,false,0,4,5,-27
94,1,4,238,3,TURNING_RIGHT,false,0,4,5,-27
95,1,3,240,3,HIT_MUD,false,0,4,5,-30
96,1,2,242,3,HIT_MUD,false,0,4,5,-33
97,1,1,244,3,HIT_MUD,false,0,4,5,-36
98,1,1,246,3,HIT_MUD,false,0,4,5,-39
99,1,1,249,3,NOTHING,false,0,4,5,-39
100,1,1,252,3,NOTHING,false,0,4,5,-39
101,1,2,254,3,TURNING_RIGHT,false,0,4,5,-39
102,1,1,256,3,TURNING_LEFT,false,0,4,5,-39
103,1,2,258,3,TURNING_RIGHT,false,0,4,5,-39
104,1,1,260,3,HIT_MUD,false,0,4,5,-42
105,1,2,262,3,HIT_MUD,false,0,4,5,-45
106,1,3,264,3,TURNING_RIGHT,false,0,4,5,-45
107,1,4,266,3,HIT_MUD,false,0,4,5,-48
108,1,4,269,3,NOTHING,false,0,4,5,-48
109,1,4,272,3,NOTHING,false,0,4,5,-48
110,1,3,274,3,TURNING_LEFT,false,0,5,5,-44
111,1,3,277,3,NOTHING,false,0,5,5,-44
112,1,3,280,3,NOTHING,false,0,5,5,-44
113,1,3,283,3,NOTHING,false,0,5,5,-44
114,1,3,286,3,NOTHING,false,0,5,5,-44
115,1,3,289,3,NOTHING,false,0,5,5,-44
116,1,3,292,3,NOTHING,false,0,5,5,-44
117,1,3,295,3,NOTHING,false,0,5,5,-44
118,1,4,297,3,HIT_MUD,false,0,5,5,-47
119,1,3,299,3,TURNING_LEFT,false,0,5,5,-47
120,1,2,301,3,HIT_MUD,false,0,5,6,-46
121,1,3,303,3,HIT_MUD,false,0,5,6,-49
122,1,2,305,3,TURNING_LEFT,false,0,5,6,-49
123,1,3,307,3,HIT_MUD,false,0,5,6,-52
124,1,2,309,3,HIT_MUD,false,0,5,6,-55
125,1,2,312,3,NOTHING,false,0,5,6,-55
126,1,2,315,3,NOTHING,false,0,5,6,-55
127,1,2,318,3,NOTHING,false,0,5,6,-55
128,1,2,321,3,NOTHING,false,0,5,6,-55
129,1,2,324,3,NOTHING,false,0,5,7,-51
130,1,2,327,3,NOTHING,false,0,5,7,-51
131,1,1,329,3,TURNING_LEFT,false,0,5,7,-51
132,1,2,331,3,TURNING_RIGHT,false,0,5,7,-51
133,1,1,333,3,HIT_MUD,false,0,5,7,-54
134,1,1,336,3,NOTHING,false,0,6,7,-50
135,1,1,339,3,NOTHING,false,0,6,7,-50
136,1,1,342,3,NOTHING,false,0,6,7,-50
137,1,1,345,3,NOTHING,false,0,6,7,-50
138,1,1,348,3,NOTHING,false,0,6,7,-50
139,1,1,350,3,TURNING_LEFT,false,0,6,7,-50
140,1,1,352,3,TURNING_LEFT,false,0,6,7,-50
141,1,1,354,3,TURNING_LEFT,false,0,6,7,-50
142,1,1,356,3,HIT_MUD,false,0,6,7,-53
143,1,1,359,3,NOTHING,false,0,6,7,-53
144,1,1,362,3,NOTHING,false,0,6,7,-53
145,1,1,365,3,NOTHING,false,0,6,7,-53
146,1,1,368,3,NOTHING,false,0,6,7,-53
147,1,1,371,3,NOTHING,false,0,6,7,-53
148,1,1,374,3,NOTHING,false,0,6,7,-53
149,1,1,377,3,NOTHING,false,0,6,7,-53
150,1,1,380,3,NOTHING,false,0,6,7,-53
151,1,1,383,3,NOTHING,false,0,6,7,-53
152,1,1,386,3,NOTHING,false,0,6,7,-53
153,1,1,389,3,NOTHING,false,0,6,7,-53
154,1,1,392,3,NOTHING,false,0,6,7,-53
155,1,1,395,3,NOTHING,false,0,6,7,-53
156,1,1,398,3,NOTHING,false,0,6,7,-53
157,1,1,401,3,NOTHING,false,0,6,7,-53
158,1,1,404,3,NOTHING,false,0,6,7,-53
159,1,1,407,3,NOTHING,false,0,6,7,-53
160,1,1,410,3,NOTHING,false,0,6,7,-53
161,1,2,412,3,TURNING_RIGHT,false,0,6,7,-53
162,1,1,414,3,TURNING_LEFT,false,0,6,7,-53
163,1,1,416,3,HIT_MUD,false,0,6,7,-56
164,1,1,418,3,HIT_MUD,false,0,6,7,-59
165,1,1,420,3,HIT_MUD,false,0,6,7,-62
166,1,1,423,3,NOTHING,false,0,6,7,-62
167,1,1,426,3,NOTHING,false,0,6,7,-62
168,1,1,429,3,NOTHING,false,0,6,7,-62
169,1,1,432,3,NOTHING,false,0,6,7,-62
170,1,1,435,3,NOTHING,false,0,6,7,-62
171,1,1,438,3,NOTHING,false,0,6,7,-62
172,1,2,440,3,TURNING_RIGHT,false,0,6,7,-62
173,1,2,443,3,NOTHING,false,0,6,7,-62
174,1,2,446,3,NOTHING,false,0,6,7,-62
175,1,2,449,3,NOTHING,false,0,6,7,-62
176,1,2,452,3,NOTHING,false,0,6,7,-62
177,1,2,455,3,NOTHING,false,0,6,7,-62
178,1,2,458,3,NOTHING,false,0,6,7,-62
179,1,3,460,3,HIT_MUD,false,0,6,7,-65
180,1,2,462,3,TURNING_LEFT,false,0,6,7,-65
181,1,1,464,3,TURNING_LEFT,false,0,6,7,-65
182,1,2,466,3,HIT_MUD,false,0,6,7,-68
183,1,1,468,3,TURNING_LEFT,false,0,6,7,-68
184,1,1,470,3,TURNING_LEFT,false,0,6,7,-68
185,1,2,472,3,TURNING_RIGHT,false,0,6,7,-68
186,1,3,474,3,HIT_MUD,false,0,6,7,-71
187,1,4,476,3,TURNING_RIGHT,false,0,6,7,-71
188,1,4,478,3,TURNING_RIGHT,false,0,6,7,-71
189,1,3,480,3,HIT_MUD,false,0,6,7,-74
190,1,4,482,3,HIT_MUD,false,0,6,7,-77
191,1,4,484,3,TURNING_RIGHT,false,0,6,7,-77
192,1,3,486,3,TURNING_LEFT,false,0,6,7,-77
193,1,2,488,3,TURNING_LEFT,false,0,6,7,-77
194,1,2,491,3,NOTHING,false,0,6,7,-77
195,1,2,494,3,NOTHING,false,0,6,7,-77
196,1,2,497,3,NOTHING,false,0,6,7,-77
197,1,2,500,3,NOTHING,false,0,6,7,-77
198,1,2,503,3,NOTHING,false,0,6,8,-73
199,1,2,506,3,NOTHING,false,0,6,8,-73
200,1,2,509,3,NOTHING,false,0,6,8,-73
201,1,2,512,3,NOTHING,false,0,6,8,-73
202,1,2,515,3,NOTHING,false,0,6,8,-73
203,1,2,518,3,NOTHING,false,0,6,8,-73
204,1,3,520,3,HIT_MUD,false,0,6,8,-76
205,1,3,523,3,NOTHING,false,0,6,8,-76
206,1,2,525,3,TURNING_LEFT,false,0,6,8,-76
207,1,3,527,3,TURNING_RIGHT,false,0,6,8,-76
208,1,2,529,3,TURNING_LEFT,false,0,6,8,-76
209,1,3,531,3,HIT_MUD,false,0,6,8,-79
210,1,4,533,3,HIT_MUD,false,0,6,8,-82
211,1,3,535,3,TURNING_LEFT,false,0,6,8,-82
212,1,4,537,3,HIT_MUD,false,0,6,8,-85
213,1,4,539,3,HIT_MUD,false,0,6,8,-88
214,1,4,542,3,NOTHING,false,0,6,8,-88
215,1,4,545,3,NOTHING,false,0,6,8,-88
216,1,4,548,3,NOTHING,false,0,6,8,-88
217,1,4,551,3,NOTHING,false,0,6,8,-88
218,1,4,554,3,NOTHING,false,0,6,8,-88
219,1,4,557,3,NOTHING,false,0,6,8,-88
220,1,3,559,3,TURNING_LEFT,false,0,6,9,-84
221,1,3,562,3,NOTHING,false,0,6,10,-80
222,1,3,565,3,NOTHING,false,0,7,10,-76
223,1,3,568,3,NOTHING,false,0,8,10,-72
224,1,3,571,3,NOTHING,false,0,8,10,-72
225,1,4,573,3,HIT_MUD,false,0,8,10,-75
226,1,3,575,3,TURNING_LEFT,false,0,8,10,-75
227,1,2,577,3,TURNING_LEFT,false,0,9,10,-71
228,1,2,580,3,NOTHING,false,0,10,10,-67
229,1,1,582,3,HIT_MUD,false,0,10,10,-70
230,1,1,584,3,HIT_MUD,false,0,10,10,-73
231,1,1,587,3,NOTHING,false,0,10,10,-73
232,1,1,590,3,NOTHING,false,0,10,10,-73
233,1,1,592,3,TURNING_LEFT,false,0,10,10,-73
234,1,1,594,3,TURNING_LEFT,false,0,10,10,-73
235,1,2,596,3,TURNING_RIGHT,false,0,10,10,-73
236,1,1,598,3,HIT_MUD,false,0,11,10,-72
237,1,2,600,3,HIT_MUD,false,0,11,10,-75
238,1,2,603,3,NOTHING,false,0,11,10,-75
239,1,2,606,3,NOTHING,false,0,11,10,-75
240,1,3,608,3,TURNING_RIGHT,false,0,11,10,-75
241,1,4,610,3,TURNING_RIGHT,false,0,11,10,-75
