1,2,4,1,5,READY,false,0,0,0,0
2,2,4,7,6,ACCELERATING,false,0,0,0,0
3,2,4,12,3,HIT_MUD,false,0,0,0,-3
4,2,3,14,3,TURNING_LEFT,false,0,0,0,-3
5,2,4,16,3,TURNING_RIGHT,false,0,0,0,-3
6,2,4,18,3,HIT_MUD,false,0,0,0,-6
7,2,4,24,6,ACCELERATING,false,0,0,0,-6
8,2,3,29,3,HIT_MUD,false,0,0,0,-9
9,2,3,35,6,ACCELERATING,false,0,0,0,-9
10,2,2,40,6,TURNING_LEFT,false,0,1,0,-5
11,2,3,45,3,HIT_MUD,false,0,1,0,-8
12,2,4,47,3,HIT_MUD,false,0,1,0,-11
13,2,4,49,3,HIT_MUD,false,0,1,1,-10
14,2,4,51,3,TURNING_RIGHT,false,0,1,2,-6
15,2,4,53,3,TURNING_RIGHT,false,0,1,2,-6
16,2,3,55,3,HIT_MUD,false,0,1,2,-9
17,2,3,61,6,ACCELERATING,false,0,1,2,-9
18,2,3,69,8,ACCELERATING,false,0,1,2,-9
19,2,3,78,9,ACCELERATING,false,0,1,2,-9
20,2,3,87,9,ACCELERATING,false,0,1,2,-9
21,2,4,95,8,HIT_MUD,false,0,1,2,-12
22,2,4,102,8,TURNING_RIGHT,false,0,1,2,-12
23,2,4,109,6,HIT_MUD,false,0,1,2,-15
24,2,4,117,8,ACCELERATING,false,0,1,2,-15
25,2,4,126,9,ACCELERATING,false,0,1,2,-15
26,2,3,134,9,TURNING_LEFT,false,0,2,2,-11
27,2,2,142,8,HIT_MUD,false,0,2,3,-10
28,2,1,149,8,TURNING_LEFT,false,0,2,3,-10
29,2,2,156,6,HIT_MUD,false,0,2,3,-13
30,2,3,161,3,HIT_MUD,false,0,2,4,-12
31,2,3,167,6,ACCELERATING,false,0,2,4,-12
32,2,3,175,8,ACCELERATING,false,0,3,4,-8
33,2,3,184,9,ACCELERATING,false,0,3,4,-8
34,2,4,192,8,HIT_MUD,false,0,3,4,-11
35,2,3,199,6,HIT_MUD,false,0,3,5,-10
36,2,4,204,3,HIT_MUD,false,0,3,5,-13
37,2,3,206,3,HIT_MUD,false,0,3,5,-16
38,2,4,208,3,TURNING_RIGHT,false,0,3,5,-16
39,2,4,210,3,TURNING_RIGHT,false,0,3,5,-16
40,2,3,212,3,TURNING_LEFT,false,0,3,5,-16
41,2,4,214,3,TURNING_RIGHT,false,0,3,5,-16
42,2,3,216,3,TURNING_LEFT,false,0,3,5,-16
43,2,3,222,6,ACCELERATING,false,0,3,5,-16
44,2,4,227,6,TURNING_RIGHT,false,0,3,5,-16
45,2,4,235,8,ACCELERATING,false,0,3,6,-12
46,2,4,242,6,HIT_MUD,false,0,3,6,-15
47,2,4,247,3,HIT_MUD,false,0,3,6,-18
48,2,4,249,3,TURNING_RIGHT,false,0,3,6,-18
49,2,4,251,3,TURNING_RIGHT,false,0,3,6,-18
50,2,4,253,3,HIT_MUD,false,0,3,6,-21
51,2,3,255,3,HIT_MUD,false,0,3,6,-24
52,2,4,257,3,TURNING_RIGHT,false,0,4,6,-20
53,2,3,259,3,HIT_MUD,false,0,4,6,-23
54,2,2,261,3,HIT_MUD,false,0,4,6,-26
55,2,3,263,3,TURNING_RIGHT,false,0,4,6,-26
56,2,4,265,3,HIT_MUD,false,0,4,6,-29
57,2,4,271,6,ACCELERATING,false,0,4,6,-29
58,2,3,276,6,TURNING_LEFT,false,0,5,6,-25
59,2,3,284,8,ACCELERATING,false,0,5,6,-25
60,2,3,293,9,ACCELERATING,false,0,5,6,-25
61,2,4,301,8,HIT_MUD,false,0,5,6,-28
62,2,3,308,6,HIT_MUD,false,0,5,6,-31
63,2,4,313,6,TURNING_RIGHT,false,0,5,6,-31
64,2,3,318,6,TURNING_LEFT,false,0,5,7,-27
65,2,3,326,8,ACCELERATING,false,0,5,7,-27
66,2,3,335,9,ACCELERATING,false,0,5,7,-27
67,2,3,344,9,ACCELERATING,false,0,5,7,-27
68,2,2,352,9,TURNING_LEFT,false,0,5,7,-27
69,2,3,360,8,HIT_MUD,false,0,5,7,-30
70,2,4,367,8,TURNING_RIGHT,false,0,5,7,-30
71,2,4,374,6,HIT_MUD,false,0,5,7,-33
72,2,4,379,3,HIT_MUD,false,0,5,7,-36
73,2,4,385,6,ACCELERATING,false,0,5,7,-36
74,2,4,393,8,ACCELERATING,false,0,5,7,-36
75,2,4,402,9,ACCELERATING,false,0,5,8,-32
76,2,4,410,8,HIT_MUD,false,0,5,8,-35
77,2,4,417,6,HIT_MUD,false,0,5,8,-38
78,2,3,422,6,TURNING_LEFT,false,0,5,8,-38
79,2,4,427,6,TURNING_RIGHT,false,0,5,9,-34
80,2,4,435,8,ACCELERATING,false,0,5,10,-30
81,2,4,444,9,ACCELERATING,false,0,5,10,-30
82,2,4,453,9,ACCELERATING,false,0,5,10,-30
83,2,4,462,9,ACCELERATING,false,0,5,10,-30
84,2,3,470,9,TURNING_LEFT,false,0,5,11,-26
85,2,2,478,8,HIT_MUD,false,0,6,11,-25
86,2,2,487,9,ACCELERATING,false,0,6,11,-25
87,2,2,496,9,ACCELERATING,false,0,6,11,-25
88,2,2,505,9,ACCELERATING,false,0,6,12,-21
89,2,2,514,9,ACCELERATING,false,0,6,12,-21
90,2,2,523,9,ACCELERATING,false,0,6,12,-21
91,2,3,531,8,HIT_MUD,false,0,6,12,-24
92,2,4,538,6,HIT_MUD,false,0,6,12,-27
93,2,4,546,8,ACCELERATING,false,0,6,12,-27
94,2,4,555,9,ACCELERATING,false,0,6,12,-27
95,2,3,563,9,TURNING_LEFT,false,0,6,13,-23
96,2,3,572,9,ACCELERATING,false,0,7,13,-19
97,2,2,580,8,HIT_MUD,false,0,8,14,-14
98,2,1,587,6,HIT_MUD,false,0,8,14,-17
99,2,2,592,3,HIT_MUD,false,0,8,14,-20
100,2,3,594,3,TURNING_RIGHT,false,0,8,15,-16
101,2,4,596,3,HIT_MUD,false,0,8,15,-19
102,2,3,598,3,TURNING_LEFT,false,0,8,15,-19
103,2,3,604,6,ACCELERATING,false,0,8,15,-19
104,2,4,609,6,TURNING_RIGHT,false,0,8,15,-19
105,2,3,614,3,HIT_MUD,false,0,8,15,-22
106,2,3,620,6,ACCELERATING,false,0,8,16,-18
107,2,3,628,8,ACCELERATING,false,0,8,17,-14
108,2,2,635,6,HIT_MUD,false,0,8,17,-17
109,2,1,640,6,TURNING_LEFT,false,0,8,17,-17
110,2,2,645,3,HIT_MUD,false,0,8,17,-20
111,2,2,651,6,ACCELERATING,false,0,8,17,-20
112,2,2,659,8,ACCELERATING,false,0,8,17,-20
113,2,2,668,9,ACCELERATING,false,0,8,17,-20
114,2,2,677,9,ACCELERATING,false,0,9,17,-16
115,2,1,685,9,TURNING_LEFT,false,0,9,17,-16
116,2,1,694,9,ACCELERATING,false,0,9,17,-16
117,2,1,702,8,HIT_MUD,false,0,9,17,-19
118,2,1,709,6,HIT_MUD,false,0,9,17,-22
119,2,1,717,8,ACCELERATING,false,0,9,17,-22
120,2,1,724,6,HIT_MUD,false,0,9,18,-21
121,2,1,729,6,TURNING_LEFT,false,0,9,19,-17
122,2,1,734,3,HIT_MUD,false,0,9,19,-20
123,2,1,740,6,ACCELERATING,false,0,9,19,-20
124,2,1,745,6,TURNING_LEFT,false,0,9,19,-20
125,2,2,750,3,HIT_MUD,false,0,9,19,-23
126,2,1,752,3,TURNING_LEFT,false,0,9,19,-23
127,2,2,754,3,TURNING_RIGHT,false,0,9,19,-23
128,2,2,760,6,ACCELERATING,false,0,9,19,-23
129,2,1,765,6,TURNING_LEFT,false,0,9,19,-23
130,2,2,770,3,HIT_MUD,false,0,9,19,-26
131,2,2,776,6,ACCELERATING,false,0,9,19,-26
132,2,2,784,8,ACCELERATING,false,0,9,19,-26
133,2,2,793,9,ACCELERATING,false,0,9,19,-26
134,2,3,801,8,HIT_MUD,false,0,9,19,-29
135,2,2,808,8,TURNING_LEFT,false,0,9,19,-29
136,2,1,815,8,TURNING_LEFT,false,0,9,19,-29
137,2,2,822,6,HIT_MUD,false,0,9,19,-32
138,2,1,827,3,HIT_MUD,false,0,9,19,-35
139,2,2,829,3,HIT_MUD,false,0,9,19,-38
140,2,3,831,3,TURNING_RIGHT,false,0,9,19,-38
141,2,3,837,6,ACCELERATING,false,0,10,19,-34
142,2,3,845,8,ACCELERATING,false,0,10,19,-34
143,2,3,854,9,ACCELERATING,false,0,10,19,-34
144,2,2,862,8,HIT_MUD,false,0,10,20,-33
145,2,2,871,9,ACCELERATING,false,0,10,21,-29
146,2,2,880,9,ACCELERATING,false,0,10,21,-29
147,2,1,888,9,TURNING_LEFT,false,0,11,22,-21
148,2,2,896,8,HIT_MUD,false,0,11,22,-24
149,2,3,903,6,HIT_MUD,false,0,11,22,-27
150,2,3,911,8,ACCELERATING,false,0,11,22,-27
151,2,4,918,6,HIT_MUD,false,0,11,22,-30
152,2,4,926,8,ACCELERATING,false,0,11,22,-30
153,2,4,935,9,ACCELERATING,false,0,11,22,-30
154,2,4,944,9,ACCELERATING,false,0,11,22,-30
155,2,4,952,8,HIT_MUD,false,0,11,22,-33
156,2,4,959,6,HIT_MUD,false,0,11,22,-36
157,2,3,964,3,HIT_MUD,false,0,11,22,-39
158,2,4,966,3,TURNING_RIGHT,false,0,11,22,-39
159,2,4,972,6,ACCELERATING,false,0,11,22,-39
160,2,3,977,6,TURNING_LEFT,false,0,11,23,-35
161,2,4,982,6,TURNING_RIGHT,false,0,11,24,-31
162,2,3,987,3,HIT_MUD,false,0,11,24,-34
163,2,3,993,6,ACCELERATING,false,0,11,24,-34
164,2,3,1001,8,ACCELERATING,false,0,11,25,-30
165,2,2,1008,6,HIT_MUD,false,0,11,25,-33
166,2,2,1016,8,ACCELERATING,false,0,11,25,-33
167,2,2,1025,9,ACCELERATING,false,0,11,25,-33
168,2,3,1033,9,TURNING_RIGHT,false,0,11,25,-33
169,2,3,1042,9,ACCELERATING,false,0,11,26,-29
170,2,3,1051,9,ACCELERATING,false,0,12,26,-25
171,2,3,1060,9,ACCELERATING,false,0,13,26,-21
172,2,4,1068,8,HIT_MUD,false,0,13,26,-24
173,2,4,1077,9,ACCELERATING,false,0,13,27,-20
174,2,4,1086,9,ACCELERATING,false,0,13,27,-20
175,2,4,1095,9,ACCELERATING,false,0,13,27,-20
176,2,3,1103,9,TURNING_LEFT,false,0,13,27,-20
177,2,2,1111,8,HIT_MUD,false,0,13,27,-23
178,2,1,1118,8,TURNING_LEFT,false,0,13,27,-23
179,2,1,1127,9,ACCELERATING,false,0,14,27,-19
180,2,1,1136,9,ACCELERATING,false,0,14,27,-19
181,2,2,1144,8,HIT_MUD,false,0,14,27,-22
182,2,2,1153,9,ACCELERATING,false,0,14,27,-22
183,2,3,1161,9,TURNING_RIGHT,false,0,14,27,-22
184,2,4,1169,9,TURNING_RIGHT,false,0,14,27,-22
185,2,4,1178,9,ACCELERATING,false,0,14,27,-22
186,2,4,1187,9,ACCELERATING,false,0,14,27,-22
187,2,3,1195,8,HIT_MUD,false,0,14,27,-25
188,2,4,1202,8,TURNING_RIGHT,false,0,14,27,-25
189,2,4,1211,9,ACCELERATING,false,0,14,27,-25
190,2,4,1220,9,ACCELERATING,false,0,14,27,-25
191,2,4,1229,9,ACCELERATING,false,0,14,27,-25
192,2,4,1238,9,ACCELERATING,false,0,15,27,-21
193,2,4,1246,8,HIT_MUD,false,0,15,27,-24
194,2,4,1255,9,ACCELERATING,false,0,16,27,-20
195,2,4,1264,9,ACCELERATING,false,0,17,27,-16
196,2,4,1273,9,ACCELERATING,false,0,18,27,-12
197,2,3,1281,8,HIT_MUD,false,0,18,27,-15
198,2,4,1288,6,HIT_MUD,false,0,18,27,-18
199,2,4,1293,3,HIT_MUD,false,0,18,27,-21
200,2,4,1295,3,TURNING_RIGHT,false,0,18,27,-21
201,2,4,1297,3,HIT_MUD,false,0,18,27,-24
202,2,3,1299,3,TURNING_LEFT,false,0,18,27,-24
203,2,3,1305,6,ACCELERATING,false,0,18,27,-24
204,2,4,1310,3,HIT_MUD,false,0,18,27,-27
205,2,4,1316,6,ACCELERATING,false,0,18,27,-27
206,2,4,1321,3,HIT_MUD,false,0,18,27,-30
207,2,4,1323,3,HIT_MUD,false,0,18,27,-33
208,2,3,1325,3,TURNING_LEFT,false,0,18,27,-33
209,2,3,1331,6,ACCELERATING,false,0,18,27,-33
210,2,2,1336,3,HIT_MUD,false,0,18,28,-32
211,2,2,1342,6,ACCELERATING,false,0,18,28,-32
212,2,2,1350,8,ACCELERATING,false,0,18,28,-32
213,2,2,1359,9,ACCELERATING,false,0,18,28,-32
214,2,2,1368,9,ACCELERATING,false,0,18,28,-32
215,2,3,1376,8,HIT_MUD,false,0,18,29,-31
216,2,4,1383,8,TURNING_RIGHT,false,0,18,30,-27
217,2,4,1392,9,ACCELERATING,false,0,18,30,-27
218,2,4,1400,8,HIT_MUD,false,0,18,30,-30
219,2,3,1407,8,TURNING_LEFT,false,0,18,30,-30
220,2,4,1414,6,HIT_MUD,false,0,18,30,-33
221,2,4,1422,8,ACCELERATING,false,0,18,30,-33
222,2,4,1429,6,HIT_MUD,false,0,18,30,-36
223,2,3,1434,3,HIT_MUD,false,0,18,30,-39
224,2,2,1436,3,TURNING_LEFT,false,0,18,30,-39
225,2,3,1438,3,TURNING_RIGHT,false,0,18,30,-39
226,2,4,1440,3,TURNING_RIGHT,false,0,18,30,-39
227,2,4,1442,3,HIT_MUD,false,0,18,30,-42
228,2,4,1444,3,HIT_MUD,false,0,18,30,-45
229,2,4,1446,3,TURNING_RIGHT,false,0,18,30,-45
230,2,4,1448,3,TURNING_RIGHT,false,0,18,30,-45
231,2,3,1450,3,HIT_MUD,false,0,18,30,-48
232,2,4,1452,3,HIT_MUD,false,0,18,30,-51
233,2,3,1454,3,HIT_MUD,false,0,18,30,-54
234,2,2,1456,3,TURNING_LEFT,false,0,18,30,-54
235,2,3,1458,3,HIT_MUD,false,0,18,30,-57
236,2,3,1464,6,ACCELERATING,false,0,18,30,-57
237,2,2,1469,6,TURNING_LEFT,false,0,18,30,-57
238,2,1,1474,6,TURNING_LEFT,false,0,18,30,-57
239,2,1,1479,3,HIT_MUD,false,0,18,30,-60
240,2,1,1485,6,ACCELERATING,false,0,18,31,-56
241,2,1,1493,8,ACCELERATING,false,0,18,32,-52
